41,31/10/2019,Corn Flakes (sin Gluten),50,1,Éxito Aranjuez,2
24,1/4/2019,Cereales,213,13,Éxito Junin,9
15,13/12/2019,Mi Vaca (descremada),48,2,Éxito Aventura,2
98,6/1/2019,Milkybar,25,4,Éxito Colombia,7
59,16/10/2019,Nespresso,78,14,Éxito La 33,6
54,9/10/2019,Barritas Fitness White,127,3,Éxito Belén,6
59,12/6/2019,Nespresso,78,14,Éxito La 33,1
113,14/9/2019,Triángulo,108,1,Éxito Aranjuez,14
104,23/5/2019,Savoy,159,3,Éxito Belén,3
6,10/11/2019,La lechera,68,6,Éxito Envigado,7
28,21/7/2019,Fitness Choc White,176,14,Éxito La 33,5
26,6/5/2019,Fitness Choc,243,7,Éxito Envigado Centro,9
61,12/12/2019,Eco (En Chile),241,14,Éxito La 33,11
119,16/10/2019,Cat brow,206,10,Éxito La Ceja,15
106,10/7/2019,Sahne Nuss,205,10,Éxito La Ceja,8
82,29/3/2019,Nestlé Gold,220,5,Éxito Del Este,7
36,29/1/2019,Golden Grahams,113,11,Éxito La Central,10
59,18/5/2019,Nespresso,78,6,Éxito Envigado,9
116,29/1/2019,Cat Chow,218,10,Éxito La Ceja,8
17,7/9/2019,Carnation,26,5,Éxito Del Este,2
23,28/3/2019,Papillas Nestlé Yogur,160,1,Éxito Aranjuez,7
35,5/2/2019,Estrellita Maria,72,5,Éxito Del Este,3
22,28/12/2019,Papillas Nestlé bífidus,85,8,Éxito Gran Vía,10
14,13/3/2019,Nutrición y Salud,154,13,Éxito Junin,5
86,6/3/2019,Dreyer,156,1,Éxito Aranjuez,2
13,16/1/2019,Desayuno Inteligente,36,10,Éxito La Ceja,13
71,19/11/2019,Yogures Nestlé,230,13,Éxito Junin,11
100,15/4/2019,Kit Kat,146,2,Éxito Aventura,3
55,14/12/2019,Café,11,9,Éxito Indiana Mall,6
19,9/4/2019,Papillas,149,3,Éxito Belén,3
3,2/7/2019,Klim,36,12,Éxito Itagüí,10
6,15/3/2019,La lechera,68,6,Éxito Envigado,8
30,10/5/2019,Lion,161,7,Éxito Envigado Centro,18
111,2/8/2019,Princesa,238,1,Éxito Aranjuez,1
11,14/6/2019,"Nan 2,3,4",159,11,Éxito La Central,8
79,29/11/2019,Häagen-Dazs,246,8,Éxito Gran Vía,4
102,9/7/2019,Triángulo,11,7,Éxito Envigado Centro,5
4,22/9/2019,Nan Pro,156,8,Éxito Gran Vía,2
35,13/10/2019,Estrellita Maria,72,5,Éxito Del Este,10
80,7/4/2019,Helados Nestlé — España.,180,14,Éxito La 33,12
116,23/7/2019,Cat Chow,218,9,Éxito Indiana Mall,5
103,26/6/2019,Sublime,243,4,Éxito Colombia,5
59,4/8/2019,Nespresso,78,6,Éxito Envigado,4
57,15/12/2019,Nescafé Dolce Gusto,83,13,Éxito Junin,4
85,9/1/2019,Pirulo Jungly,224,3,Éxito Belén,7
71,16/6/2019,Yogures Nestlé,230,10,Éxito La Ceja,16
64,10/4/2019,El Chana,248,11,Éxito La Central,19
104,25/9/2019,Savoy,159,4,Éxito Colombia,6
116,25/9/2019,Cat Chow,218,9,Éxito Indiana Mall,2
19,30/5/2019,Papillas,149,5,Éxito Del Este,4
48,22/4/2019,Lucky Charms,116,13,Éxito Junin,3
94,24/8/2019,Nestlé Extrafino,65,1,Éxito Aranjuez,12
95,23/7/2019,Nestlé Postres,216,4,Éxito Colombia,3
7,15/3/2019,Canprolac,36,9,Éxito Indiana Mall,4
38,24/12/2019,Gold Flakes,34,1,Éxito Aranjuez,7
114,14/2/2019,Comidas para animales,15,5,Éxito Del Este,2
43,11/8/2019,Milo,244,2,Éxito Aventura,2
28,11/7/2019,Fitness Choc White,176,12,Éxito Itagüí,9
96,16/12/2019,Nestlé Caja Roja,102,6,Éxito Envigado,4
93,16/11/2019,After Eight,148,1,Éxito Aranjuez,13
9,12/11/2019,Nidina,247,8,Éxito Gran Vía,3
106,19/6/2019,Sahne Nuss,205,12,Éxito Itagüí,1
89,28/4/2019,Buitoni,18,14,Éxito La 33,10
56,9/12/2019,Nescafé,172,3,Éxito Belén,1
26,29/8/2019,Fitness Choc,243,12,Éxito Itagüí,14
85,7/8/2019,Pirulo Jungly,224,9,Éxito Indiana Mall,10
113,10/10/2019,Triángulo,108,7,Éxito Envigado Centro,5
84,4/8/2019,Pela-Pop,98,13,Éxito Junin,8
28,17/7/2019,Fitness Choc White,176,8,Éxito Gran Vía,9
26,7/7/2019,Fitness Choc,243,5,Éxito Del Este,14
67,6/8/2019,Otras bebidas,228,13,Éxito Junin,7
94,2/4/2019,Nestlé Extrafino,65,12,Éxito Itagüí,12
53,24/11/2019,Barritas Fitness Choc,66,12,Éxito Itagüí,9
76,11/4/2019,Vascolet,153,12,Éxito Itagüí,5
43,12/3/2019,Milo,244,12,Éxito Itagüí,6
59,18/11/2019,Nespresso,78,2,Éxito Aventura,6
12,7/12/2019,Ideal,243,11,Éxito La Central,8
76,1/12/2019,Vascolet,153,1,Éxito Aranjuez,10
27,2/11/2019,Fitness Dark Choc,70,7,Éxito Envigado Centro,6
100,15/9/2019,Kit Kat,146,1,Éxito Aranjuez,3
71,13/1/2019,Yogures Nestlé,230,14,Éxito La 33,1
85,27/9/2019,Pirulo Jungly,224,3,Éxito Belén,10
40,25/5/2019,Frosted Flakes,230,7,Éxito Envigado Centro,3
19,22/5/2019,Papillas,149,2,Éxito Aventura,5
71,31/8/2019,Yogures Nestlé,230,8,Éxito Gran Vía,10
85,26/11/2019,Pirulo Jungly,224,7,Éxito Envigado Centro,7
39,20/3/2019,Nesquik,196,14,Éxito La 33,16
72,5/7/2019,Nestlé Pure Life (Agua Mineral),87,13,Éxito Junin,9
83,27/10/2019,D'Onofrio — Perú.54​,70,11,Éxito La Central,7
46,17/1/2019,Zucosos (Chile),174,10,Éxito La Ceja,10
109,14/2/2019,Baby ruth,240,7,Éxito Envigado Centro,9
18,24/7/2019,Leche Sur,58,9,Éxito Indiana Mall,5
56,11/3/2019,Nescafé,172,4,Éxito Colombia,8
60,4/11/2019,Bonka,63,1,Éxito Aranjuez,6
30,13/7/2019,Lion,161,12,Éxito Itagüí,1
116,4/9/2019,Cat Chow,218,3,Éxito Belén,2
99,11/8/2019,Nesquik,196,1,Éxito Aranjuez,7
98,19/10/2019,Milkybar,25,12,Éxito Itagüí,10
97,24/8/2019,Nestlé Gold,181,12,Éxito Itagüí,9
71,6/4/2019,Yogures Nestlé,230,10,Éxito La Ceja,10
107,17/3/2019,Butterfinger,227,1,Éxito Aranjuez,10
36,1/10/2019,Golden Grahams,113,1,Éxito Aranjuez,9
117,6/4/2019,Proplan,171,13,Éxito Junin,8
17,13/8/2019,Carnation,26,14,Éxito La 33,8
60,21/8/2019,Bonka,63,12,Éxito Itagüí,1
45,11/5/2019,Nestum,10,5,Éxito Del Este,5
86,16/6/2019,Dreyer,156,3,Éxito Belén,6
22,1/8/2019,Papillas Nestlé bífidus,85,7,Éxito Envigado Centro,2
92,1/9/2019,Chocolates,35,6,Éxito Envigado,5
31,16/3/2019,Chocapic,231,14,Éxito La 33,2
40,12/6/2019,Frosted Flakes,230,9,Éxito Indiana Mall,5
97,4/12/2019,Nestlé Gold,181,14,Éxito La 33,17
33,25/5/2019,Cheerios,78,10,Éxito La Ceja,9
46,22/5/2019,Zucosos (Chile),174,6,Éxito Envigado,6
64,25/10/2019,El Chana,248,1,Éxito Aranjuez,1
14,26/8/2019,Nutrición y Salud,154,1,Éxito Aranjuez,9
74,12/12/2019,Yogur Mi Vaca (descremado),61,14,Éxito La 33,4
25,10/4/2019,Fitness,158,10,Éxito La Ceja,5
88,16/11/2019,Maggi,162,1,Éxito Aranjuez,18
36,5/7/2019,Golden Grahams,113,6,Éxito Envigado,5
33,27/7/2019,Cheerios,78,7,Éxito Envigado Centro,10
57,18/10/2019,Nescafé Dolce Gusto,83,14,Éxito La 33,7
106,29/11/2019,Sahne Nuss,205,11,Éxito La Central,6
59,27/12/2019,Nespresso,78,7,Éxito Envigado Centro,4
12,9/2/2019,Ideal,243,9,Éxito Indiana Mall,10
76,9/10/2019,Vascolet,153,9,Éxito Indiana Mall,5
72,29/5/2019,Nestlé Pure Life (Agua Mineral),87,7,Éxito Envigado Centro,1
59,9/4/2019,Nespresso,78,13,Éxito Junin,5
76,13/2/2019,Vascolet,153,3,Éxito Belén,8
109,1/10/2019,Baby ruth,240,4,Éxito Colombia,18
13,8/11/2019,Desayuno Inteligente,36,1,Éxito Aranjuez,16
82,9/7/2019,Nestlé Gold,220,3,Éxito Belén,16
103,25/10/2019,Sublime,243,10,Éxito La Ceja,8
61,1/1/2019,Eco (En Chile),241,13,Éxito Junin,7
105,20/12/2019,Crunch,161,3,Éxito Belén,5
58,23/4/2019,Kirma (en Perú),118,10,Éxito La Ceja,6
7,1/4/2019,Canprolac,36,13,Éxito Junin,4
29,30/11/2019,Fitness Choc Avellana,51,12,Éxito Itagüí,1
55,15/2/2019,Café,11,9,Éxito Indiana Mall,3
84,9/3/2019,Pela-Pop,98,14,Éxito La 33,2
103,2/11/2019,Sublime,243,5,Éxito Del Este,10
38,9/4/2019,Gold Flakes,34,1,Éxito Aranjuez,2
58,13/12/2019,Kirma (en Perú),118,7,Éxito Envigado Centro,9
90,21/4/2019,Solís,102,14,Éxito La 33,9
89,11/8/2019,Buitoni,18,5,Éxito Del Este,8
62,24/8/2019,Brasilia,37,10,Éxito La Ceja,3
24,29/7/2019,Cereales,213,7,Éxito Envigado Centro,8
73,3/6/2019,Aquarel,144,12,Éxito Itagüí,10
97,19/9/2019,Nestlé Gold,181,9,Éxito Indiana Mall,9
60,23/10/2019,Bonka,63,6,Éxito Envigado,3
103,1/2/2019,Sublime,243,4,Éxito Colombia,2
49,30/3/2019,Barritas de Cereales,192,5,Éxito Del Este,2
42,7/3/2019,Nesquik Sin Gluten,181,8,Éxito Gran Vía,3
35,13/2/2019,Estrellita Maria,72,13,Éxito Junin,5
92,16/11/2019,Chocolates,35,10,Éxito La Ceja,8
104,11/10/2019,Savoy,159,6,Éxito Envigado,7
116,3/3/2019,Cat Chow,218,7,Éxito Envigado Centro,11
103,3/4/2019,Sublime,243,13,Éxito Junin,3
94,20/1/2019,Nestlé Extrafino,65,9,Éxito Indiana Mall,5
33,12/6/2019,Cheerios,78,8,Éxito Gran Vía,3
38,8/10/2019,Gold Flakes,34,14,Éxito La 33,9
54,14/6/2019,Barritas Fitness White,127,2,Éxito Aventura,7
61,25/7/2019,Eco (En Chile),241,1,Éxito Aranjuez,6
36,20/1/2019,Golden Grahams,113,13,Éxito Junin,4
58,16/11/2019,Kirma (en Perú),118,10,Éxito La Ceja,4
99,18/3/2019,Nesquik,196,1,Éxito Aranjuez,2
119,9/8/2019,Cat brow,206,14,Éxito La 33,1
86,10/2/2019,Dreyer,156,14,Éxito La 33,9
60,9/12/2019,Bonka,63,3,Éxito Belén,2
60,28/9/2019,Bonka,63,12,Éxito Itagüí,10
104,18/8/2019,Savoy,159,4,Éxito Colombia,5
65,29/1/2019,Bracafé,134,1,Éxito Aranjuez,5
11,28/4/2019,"Nan 2,3,4",159,14,Éxito La 33,6
105,15/11/2019,Crunch,161,11,Éxito La Central,7
50,20/11/2019,Barritas Golden Grahams,130,3,Éxito Belén,4
113,19/11/2019,Triángulo,108,9,Éxito Indiana Mall,3
18,17/6/2019,Leche Sur,58,10,Éxito La Ceja,3
116,15/1/2019,Cat Chow,218,7,Éxito Envigado Centro,8
74,4/11/2019,Yogur Mi Vaca (descremado),61,12,Éxito Itagüí,6
88,24/8/2019,Maggi,162,4,Éxito Colombia,3
18,26/3/2019,Leche Sur,58,10,Éxito La Ceja,8
98,16/10/2019,Milkybar,25,5,Éxito Del Este,4
32,4/3/2019,Chocapic Avellana,130,13,Éxito Junin,6
51,11/12/2019,Barritas Nesquik,237,13,Éxito Junin,6
99,25/9/2019,Nesquik,196,4,Éxito Colombia,6
53,29/9/2019,Barritas Fitness Choc,66,14,Éxito La 33,5
17,30/9/2019,Carnation,26,1,Éxito Aranjuez,5
61,5/12/2019,Eco (En Chile),241,1,Éxito Aranjuez,12
77,2/3/2019,Helados,188,3,Éxito Belén,6
79,19/9/2019,Häagen-Dazs,246,7,Éxito Envigado Centro,2
116,1/1/2019,Cat Chow,218,3,Éxito Belén,9
118,22/5/2019,Friskies,112,14,Éxito La 33,1
3,29/7/2019,Klim,36,14,Éxito La 33,15
64,8/9/2019,El Chana,248,11,Éxito La Central,7
35,7/3/2019,Estrellita Maria,72,8,Éxito Gran Vía,10
93,30/9/2019,After Eight,148,8,Éxito Gran Vía,6
84,24/2/2019,Pela-Pop,98,3,Éxito Belén,4
88,15/11/2019,Maggi,162,1,Éxito Aranjuez,4
95,12/3/2019,Nestlé Postres,216,8,Éxito Gran Vía,1
46,10/7/2019,Zucosos (Chile),174,14,Éxito La 33,9
91,23/2/2019,Litoral,216,11,Éxito La Central,1
94,18/10/2019,Nestlé Extrafino,65,6,Éxito Envigado,8
28,21/12/2019,Fitness Choc White,176,1,Éxito Aranjuez,1
95,1/6/2019,Nestlé Postres,216,12,Éxito Itagüí,12
93,25/9/2019,After Eight,148,2,Éxito Aventura,10
56,15/8/2019,Nescafé,172,13,Éxito Junin,3
55,24/6/2019,Café,11,11,Éxito La Central,8
83,3/12/2019,D'Onofrio — Perú.54​,70,3,Éxito Belén,6
81,25/1/2019,Frigor — Argentina.,117,13,Éxito Junin,1
12,18/1/2019,Ideal,243,1,Éxito Aranjuez,10
57,5/7/2019,Nescafé Dolce Gusto,83,10,Éxito La Ceja,9
65,3/8/2019,Bracafé,134,8,Éxito Gran Vía,6
103,3/12/2019,Sublime,243,8,Éxito Gran Vía,5
4,11/8/2019,Nan Pro,156,14,Éxito La 33,8
110,30/12/2019,Trencito,242,2,Éxito Aventura,2
109,23/8/2019,Baby ruth,240,3,Éxito Belén,6
14,24/5/2019,Nutrición y Salud,154,12,Éxito Itagüí,13
108,23/6/2019,Galak,127,5,Éxito Del Este,8
18,1/5/2019,Leche Sur,58,5,Éxito Del Este,5
113,11/3/2019,Triángulo,108,7,Éxito Envigado Centro,8
46,23/7/2019,Zucosos (Chile),174,8,Éxito Gran Vía,5
62,23/10/2019,Brasilia,37,8,Éxito Gran Vía,5
46,20/12/2019,Zucosos (Chile),174,1,Éxito Aranjuez,9
18,8/5/2019,Leche Sur,58,1,Éxito Aranjuez,4
112,17/4/2019,Super 8,68,11,Éxito La Central,9
119,4/5/2019,Cat brow,206,9,Éxito Indiana Mall,2
6,13/4/2019,La lechera,68,13,Éxito Junin,2
16,28/4/2019,Svelty,179,9,Éxito Indiana Mall,1
6,14/1/2019,La lechera,68,14,Éxito La 33,6
110,30/5/2019,Trencito,242,13,Éxito Junin,3
71,3/12/2019,Yogures Nestlé,230,14,Éxito La 33,1
86,7/9/2019,Dreyer,156,2,Éxito Aventura,2
93,5/12/2019,After Eight,148,5,Éxito Del Este,7
52,26/8/2019,Barritas Chocapic,27,2,Éxito Aventura,1
115,16/11/2019,Purina Dog Chow,226,12,Éxito Itagüí,4
114,26/10/2019,Comidas para animales,15,14,Éxito La 33,5
10,24/3/2019,Nan H.a.,149,6,Éxito Envigado,5
74,22/9/2019,Yogur Mi Vaca (descremado),61,13,Éxito Junin,8
115,4/11/2019,Purina Dog Chow,226,3,Éxito Belén,2
38,21/4/2019,Gold Flakes,34,14,Éxito La 33,10
66,31/10/2019,Presto,164,12,Éxito Itagüí,1
37,28/7/2019,Cerelac,250,14,Éxito La 33,9
88,15/11/2019,Maggi,162,14,Éxito La 33,1
78,22/5/2019,Savory - Chile,120,7,Éxito Envigado Centro,7
24,23/11/2019,Cereales,213,12,Éxito Itagüí,9
15,4/2/2019,Mi Vaca (descremada),48,14,Éxito La 33,8
32,14/9/2019,Chocapic Avellana,130,12,Éxito Itagüí,4
45,18/6/2019,Nestum,10,12,Éxito Itagüí,9
72,27/1/2019,Nestlé Pure Life (Agua Mineral),87,8,Éxito Gran Vía,2
75,14/1/2019,Viladrau,213,9,Éxito Indiana Mall,3
46,13/8/2019,Zucosos (Chile),174,1,Éxito Aranjuez,2
62,9/1/2019,Brasilia,37,1,Éxito Aranjuez,6
72,27/5/2019,Nestlé Pure Life (Agua Mineral),87,11,Éxito La Central,6
35,1/12/2019,Estrellita Maria,72,13,Éxito Junin,4
29,13/10/2019,Fitness Choc Avellana,51,6,Éxito Envigado,9
110,14/1/2019,Trencito,242,9,Éxito Indiana Mall,10
48,30/1/2019,Lucky Charms,116,5,Éxito Del Este,10
48,8/2/2019,Lucky Charms,116,9,Éxito Indiana Mall,4
98,16/10/2019,Milkybar,25,1,Éxito Aranjuez,7
89,19/10/2019,Buitoni,18,11,Éxito La Central,2
51,11/5/2019,Barritas Nesquik,237,12,Éxito Itagüí,1
85,5/9/2019,Pirulo Jungly,224,10,Éxito La Ceja,9
93,28/6/2019,After Eight,148,9,Éxito Indiana Mall,8
102,24/6/2019,Triángulo,11,5,Éxito Del Este,9
29,28/1/2019,Fitness Choc Avellana,51,3,Éxito Belén,2
58,27/5/2019,Kirma (en Perú),118,12,Éxito Itagüí,5
7,10/5/2019,Canprolac,36,12,Éxito Itagüí,7
114,21/8/2019,Comidas para animales,15,14,Éxito La 33,7
43,3/2/2019,Milo,244,8,Éxito Gran Vía,9
119,22/11/2019,Cat brow,206,9,Éxito Indiana Mall,6
28,8/9/2019,Fitness Choc White,176,13,Éxito Junin,9
34,5/4/2019,Estrellitas,168,14,Éxito La 33,5
110,14/10/2019,Trencito,242,8,Éxito Gran Vía,3
59,3/4/2019,Nespresso,78,12,Éxito Itagüí,2
44,8/8/2019,Trix,130,1,Éxito Aranjuez,3
92,4/7/2019,Chocolates,35,13,Éxito Junin,2
77,19/9/2019,Helados,188,1,Éxito Aranjuez,4
81,21/5/2019,Frigor — Argentina.,117,14,Éxito La 33,9
91,14/12/2019,Litoral,216,1,Éxito Aranjuez,11
42,19/8/2019,Nesquik Sin Gluten,181,4,Éxito Colombia,10
35,4/3/2019,Estrellita Maria,72,6,Éxito Envigado,1
118,24/12/2019,Friskies,112,13,Éxito Junin,2
93,13/2/2019,After Eight,148,7,Éxito Envigado Centro,4
89,20/11/2019,Buitoni,18,7,Éxito Envigado Centro,2
69,10/6/2019,Nestea,49,4,Éxito Colombia,6
29,14/7/2019,Fitness Choc Avellana,51,7,Éxito Envigado Centro,5
18,24/11/2019,Leche Sur,58,5,Éxito Del Este,2
8,11/4/2019,"Sativa 2,3",22,9,Éxito Indiana Mall,8
54,25/11/2019,Barritas Fitness White,127,14,Éxito La 33,3
28,10/1/2019,Fitness Choc White,176,12,Éxito Itagüí,1
9,8/4/2019,Nidina,247,2,Éxito Aventura,2
26,4/5/2019,Fitness Choc,243,10,Éxito La Ceja,9
28,27/6/2019,Fitness Choc White,176,14,Éxito La 33,1
35,16/10/2019,Estrellita Maria,72,14,Éxito La 33,2
55,1/9/2019,Café,11,4,Éxito Colombia,3
101,19/3/2019,Garoto (empresa),68,14,Éxito La 33,5
2,20/11/2019,Nido,177,11,Éxito La Central,3
117,19/4/2019,Proplan,171,14,Éxito La 33,10
45,18/11/2019,Nestum,10,9,Éxito Indiana Mall,8
42,13/8/2019,Nesquik Sin Gluten,181,10,Éxito La Ceja,3
67,9/11/2019,Otras bebidas,228,10,Éxito La Ceja,2
110,11/1/2019,Trencito,242,9,Éxito Indiana Mall,2
100,12/4/2019,Kit Kat,146,13,Éxito Junin,2
4,3/12/2019,Nan Pro,156,4,Éxito Colombia,4
79,24/11/2019,Häagen-Dazs,246,3,Éxito Belén,9
3,23/4/2019,Klim,36,8,Éxito Gran Vía,3
59,5/8/2019,Nespresso,78,8,Éxito Gran Vía,9
84,17/6/2019,Pela-Pop,98,6,Éxito Envigado,4
70,17/12/2019,Milo,226,9,Éxito Indiana Mall,6
22,4/5/2019,Papillas Nestlé bífidus,85,11,Éxito La Central,1
9,13/2/2019,Nidina,247,13,Éxito Junin,10
64,25/10/2019,El Chana,248,12,Éxito Itagüí,10
21,8/4/2019,Papillas Nestlé 8 cereales,68,3,Éxito Belén,5
16,20/10/2019,Svelty,179,3,Éxito Belén,1
43,31/7/2019,Milo,244,2,Éxito Aventura,4
81,29/10/2019,Frigor — Argentina.,117,1,Éxito Aranjuez,5
89,10/3/2019,Buitoni,18,5,Éxito Del Este,2
44,4/8/2019,Trix,130,2,Éxito Aventura,8
48,20/2/2019,Lucky Charms,116,13,Éxito Junin,2
109,6/6/2019,Baby ruth,240,7,Éxito Envigado Centro,4
58,15/2/2019,Kirma (en Perú),118,1,Éxito Aranjuez,8
104,4/7/2019,Savoy,159,14,Éxito La 33,7
24,3/9/2019,Cereales,213,14,Éxito La 33,9
72,3/8/2019,Nestlé Pure Life (Agua Mineral),87,8,Éxito Gran Vía,7
90,12/12/2019,Solís,102,7,Éxito Envigado Centro,3
26,18/12/2019,Fitness Choc,243,12,Éxito Itagüí,4
6,26/2/2019,La lechera,68,12,Éxito Itagüí,3
50,25/12/2019,Barritas Golden Grahams,130,1,Éxito Aranjuez,10
104,26/2/2019,Savoy,159,7,Éxito Envigado Centro,4
77,28/7/2019,Helados,188,1,Éxito Aranjuez,4
46,12/1/2019,Zucosos (Chile),174,5,Éxito Del Este,9
110,15/10/2019,Trencito,242,4,Éxito Colombia,10
41,14/11/2019,Corn Flakes (sin Gluten),50,12,Éxito Itagüí,16
2,7/2/2019,Nido,177,11,Éxito La Central,2
16,15/2/2019,Svelty,179,8,Éxito Gran Vía,10
112,29/5/2019,Super 8,68,4,Éxito Colombia,3
80,7/7/2019,Helados Nestlé — España.,180,7,Éxito Envigado Centro,9
59,19/5/2019,Nespresso,78,8,Éxito Gran Vía,1
20,18/7/2019,Nestum,242,12,Éxito Itagüí,10
53,22/7/2019,Barritas Fitness Choc,66,10,Éxito La Ceja,17
79,22/7/2019,Häagen-Dazs,246,8,Éxito Gran Vía,4
36,5/3/2019,Golden Grahams,113,10,Éxito La Ceja,6
49,10/2/2019,Barritas de Cereales,192,1,Éxito Aranjuez,10
67,9/4/2019,Otras bebidas,228,14,Éxito La 33,10
64,16/10/2019,El Chana,248,8,Éxito Gran Vía,3
24,17/8/2019,Cereales,213,2,Éxito Aventura,8
95,11/11/2019,Nestlé Postres,216,2,Éxito Aventura,6
38,14/3/2019,Gold Flakes,34,4,Éxito Colombia,6
62,17/3/2019,Brasilia,37,4,Éxito Colombia,3
117,4/3/2019,Proplan,171,4,Éxito Colombia,5
115,25/1/2019,Purina Dog Chow,226,1,Éxito Aranjuez,6
112,7/1/2019,Super 8,68,1,Éxito Aranjuez,4
29,23/9/2019,Fitness Choc Avellana,51,4,Éxito Colombia,5
106,12/2/2019,Sahne Nuss,205,6,Éxito Envigado,8
94,12/2/2019,Nestlé Extrafino,65,14,Éxito La 33,6
102,19/3/2019,Triángulo,11,12,Éxito Itagüí,1
65,9/3/2019,Bracafé,134,12,Éxito Itagüí,5
70,28/6/2019,Milo,226,14,Éxito La 33,6
45,27/8/2019,Nestum,10,8,Éxito Gran Vía,4
55,9/11/2019,Café,11,9,Éxito Indiana Mall,2
57,22/3/2019,Nescafé Dolce Gusto,83,4,Éxito Colombia,3
83,21/6/2019,D'Onofrio — Perú.54​,70,7,Éxito Envigado Centro,8
102,5/6/2019,Triángulo,11,4,Éxito Colombia,2
30,28/2/2019,Lion,161,1,Éxito Aranjuez,8
95,23/12/2019,Nestlé Postres,216,8,Éxito Gran Vía,3
82,22/6/2019,Nestlé Gold,220,5,Éxito Del Este,4
3,20/11/2019,Klim,36,12,Éxito Itagüí,7
50,31/7/2019,Barritas Golden Grahams,130,8,Éxito Gran Vía,3
3,12/9/2019,Klim,36,13,Éxito Junin,9
54,2/5/2019,Barritas Fitness White,127,11,Éxito La Central,1
50,20/5/2019,Barritas Golden Grahams,130,4,Éxito Colombia,9
32,24/3/2019,Chocapic Avellana,130,11,Éxito La Central,10
13,30/10/2019,Desayuno Inteligente,36,2,Éxito Aventura,7
14,20/6/2019,Nutrición y Salud,154,3,Éxito Belén,1
40,15/3/2019,Frosted Flakes,230,9,Éxito Indiana Mall,7
78,10/9/2019,Savory - Chile,120,5,Éxito Del Este,1
38,9/2/2019,Gold Flakes,34,1,Éxito Aranjuez,6
110,12/9/2019,Trencito,242,10,Éxito La Ceja,4
18,26/9/2019,Leche Sur,58,3,Éxito Belén,4
14,24/8/2019,Nutrición y Salud,154,1,Éxito Aranjuez,9
19,18/4/2019,Papillas,149,3,Éxito Belén,4
71,10/4/2019,Yogures Nestlé,230,13,Éxito Junin,1
61,9/10/2019,Eco (En Chile),241,11,Éxito La Central,4
14,27/3/2019,Nutrición y Salud,154,8,Éxito Gran Vía,4
26,24/1/2019,Fitness Choc,243,3,Éxito Belén,5
89,14/1/2019,Buitoni,18,6,Éxito Envigado,10
18,11/2/2019,Leche Sur,58,12,Éxito Itagüí,2
7,16/4/2019,Canprolac,36,10,Éxito La Ceja,10
29,14/4/2019,Fitness Choc Avellana,51,14,Éxito La 33,3
21,27/4/2019,Papillas Nestlé 8 cereales,68,9,Éxito Indiana Mall,2
69,16/7/2019,Nestea,49,11,Éxito La Central,2
86,28/11/2019,Dreyer,156,2,Éxito Aventura,7
45,26/12/2019,Nestum,10,4,Éxito Colombia,8
82,26/5/2019,Nestlé Gold,220,11,Éxito La Central,2
42,18/12/2019,Nesquik Sin Gluten,181,12,Éxito Itagüí,5
92,8/8/2019,Chocolates,35,9,Éxito Indiana Mall,2
102,6/5/2019,Triángulo,11,10,Éxito La Ceja,2
112,7/12/2019,Super 8,68,1,Éxito Aranjuez,3
31,28/7/2019,Chocapic,231,12,Éxito Itagüí,5
21,29/6/2019,Papillas Nestlé 8 cereales,68,9,Éxito Indiana Mall,8
7,15/8/2019,Canprolac,36,11,Éxito La Central,5
62,16/11/2019,Brasilia,37,3,Éxito Belén,3
22,2/4/2019,Papillas Nestlé bífidus,85,10,Éxito La Ceja,7
104,11/6/2019,Savoy,159,6,Éxito Envigado,3
29,15/9/2019,Fitness Choc Avellana,51,12,Éxito Itagüí,3
61,20/7/2019,Eco (En Chile),241,14,Éxito La 33,6
28,5/8/2019,Fitness Choc White,176,4,Éxito Colombia,1
103,27/10/2019,Sublime,243,2,Éxito Aventura,7
12,10/1/2019,Ideal,243,1,Éxito Aranjuez,10
95,22/1/2019,Nestlé Postres,216,14,Éxito La 33,8
31,13/10/2019,Chocapic,231,14,Éxito La 33,4
52,2/9/2019,Barritas Chocapic,27,14,Éxito La 33,1
23,24/6/2019,Papillas Nestlé Yogur,160,8,Éxito Gran Vía,9
58,6/12/2019,Kirma (en Perú),118,9,Éxito Indiana Mall,3
51,18/7/2019,Barritas Nesquik,237,14,Éxito La 33,10
7,14/9/2019,Canprolac,36,14,Éxito La 33,3
3,19/5/2019,Klim,36,8,Éxito Gran Vía,13
44,24/8/2019,Trix,130,2,Éxito Aventura,5
85,10/4/2019,Pirulo Jungly,224,5,Éxito Del Este,1
73,31/8/2019,Aquarel,144,11,Éxito La Central,6
2,30/11/2019,Nido,177,14,Éxito La 33,10
28,12/7/2019,Fitness Choc White,176,3,Éxito Belén,3
61,9/4/2019,Eco (En Chile),241,9,Éxito Indiana Mall,5
21,18/12/2019,Papillas Nestlé 8 cereales,68,5,Éxito Del Este,10
27,23/1/2019,Fitness Dark Choc,70,1,Éxito Aranjuez,9
38,5/2/2019,Gold Flakes,34,5,Éxito Del Este,1
107,9/4/2019,Butterfinger,227,14,Éxito La 33,5
46,5/6/2019,Zucosos (Chile),174,4,Éxito Colombia,7
110,26/8/2019,Trencito,242,10,Éxito La Ceja,4
24,25/11/2019,Cereales,213,6,Éxito Envigado,7
114,1/10/2019,Comidas para animales,15,7,Éxito Envigado Centro,9
69,22/8/2019,Nestea,49,11,Éxito La Central,2
99,28/4/2019,Nesquik,196,9,Éxito Indiana Mall,8
4,12/1/2019,Nan Pro,156,10,Éxito La Ceja,8
16,16/11/2019,Svelty,179,14,Éxito La 33,18
104,5/10/2019,Savoy,159,14,Éxito La 33,11
40,22/8/2019,Frosted Flakes,230,12,Éxito Itagüí,17
47,3/10/2019,Cookie Crisp,213,1,Éxito Aranjuez,2
2,5/3/2019,Nido,177,8,Éxito Gran Vía,6
8,20/5/2019,"Sativa 2,3",22,8,Éxito Gran Vía,4
49,1/4/2019,Barritas de Cereales,192,10,Éxito La Ceja,6
24,9/9/2019,Cereales,213,1,Éxito Aranjuez,7
70,23/4/2019,Milo,226,7,Éxito Envigado Centro,7
13,11/1/2019,Desayuno Inteligente,36,9,Éxito Indiana Mall,10
116,22/4/2019,Cat Chow,218,10,Éxito La Ceja,8
102,27/8/2019,Triángulo,11,14,Éxito La 33,10
73,13/10/2019,Aquarel,144,12,Éxito Itagüí,6
72,17/3/2019,Nestlé Pure Life (Agua Mineral),87,11,Éxito La Central,7
92,16/11/2019,Chocolates,35,12,Éxito Itagüí,7
88,2/3/2019,Maggi,162,9,Éxito Indiana Mall,2
117,23/6/2019,Proplan,171,2,Éxito Aventura,8
45,4/4/2019,Nestum,10,8,Éxito Gran Vía,7
81,8/7/2019,Frigor — Argentina.,117,5,Éxito Del Este,7
116,23/2/2019,Cat Chow,218,7,Éxito Envigado Centro,3
117,19/3/2019,Proplan,171,12,Éxito Itagüí,2
25,18/4/2019,Fitness,158,5,Éxito Del Este,1
98,15/4/2019,Milkybar,25,9,Éxito Indiana Mall,6
98,11/3/2019,Milkybar,25,4,Éxito Colombia,2
33,4/9/2019,Cheerios,78,14,Éxito La 33,7
33,31/12/2019,Cheerios,78,14,Éxito La 33,9
21,20/4/2019,Papillas Nestlé 8 cereales,68,13,Éxito Junin,3
79,20/5/2019,Häagen-Dazs,246,14,Éxito La 33,5
39,29/12/2019,Nesquik,196,7,Éxito Envigado Centro,6
110,25/10/2019,Trencito,242,1,Éxito Aranjuez,10
22,18/12/2019,Papillas Nestlé bífidus,85,8,Éxito Gran Vía,7
63,28/8/2019,Águila,15,6,Éxito Envigado,1
82,9/3/2019,Nestlé Gold,220,14,Éxito La 33,5
103,17/9/2019,Sublime,243,3,Éxito Belén,4
101,6/6/2019,Garoto (empresa),68,14,Éxito La 33,8
108,2/4/2019,Galak,127,6,Éxito Envigado,2
20,11/3/2019,Nestum,242,14,Éxito La 33,7
27,23/12/2019,Fitness Dark Choc,70,12,Éxito Itagüí,3
14,18/6/2019,Nutrición y Salud,154,5,Éxito Del Este,3
102,21/5/2019,Triángulo,11,11,Éxito La Central,9
90,13/5/2019,Solís,102,1,Éxito Aranjuez,1
9,6/10/2019,Nidina,247,9,Éxito Indiana Mall,5
48,25/5/2019,Lucky Charms,116,14,Éxito La 33,9
38,8/5/2019,Gold Flakes,34,10,Éxito La Ceja,2
2,29/11/2019,Nido,177,2,Éxito Aventura,5
47,7/6/2019,Cookie Crisp,213,14,Éxito La 33,10
26,27/8/2019,Fitness Choc,243,11,Éxito La Central,9
113,27/5/2019,Triángulo,108,9,Éxito Indiana Mall,6
43,26/4/2019,Milo,244,11,Éxito La Central,5
105,16/6/2019,Crunch,161,1,Éxito Aranjuez,9
110,31/5/2019,Trencito,242,12,Éxito Itagüí,1
98,15/7/2019,Milkybar,25,5,Éxito Del Este,10
58,25/8/2019,Kirma (en Perú),118,10,Éxito La Ceja,10
81,17/2/2019,Frigor — Argentina.,117,11,Éxito La Central,9
79,23/6/2019,Häagen-Dazs,246,1,Éxito Aranjuez,10
81,26/11/2019,Frigor — Argentina.,117,13,Éxito Junin,10
49,25/11/2019,Barritas de Cereales,192,11,Éxito La Central,5
77,7/3/2019,Helados,188,14,Éxito La 33,10
85,24/7/2019,Pirulo Jungly,224,9,Éxito Indiana Mall,4
94,4/5/2019,Nestlé Extrafino,65,13,Éxito Junin,8
91,24/11/2019,Litoral,216,12,Éxito Itagüí,5
107,14/4/2019,Butterfinger,227,14,Éxito La 33,4
35,2/11/2019,Estrellita Maria,72,13,Éxito Junin,5
48,8/12/2019,Lucky Charms,116,13,Éxito Junin,8
43,19/7/2019,Milo,244,1,Éxito Aranjuez,8
84,26/3/2019,Pela-Pop,98,9,Éxito Indiana Mall,10
28,27/7/2019,Fitness Choc White,176,6,Éxito Envigado,1
78,5/1/2019,Savory - Chile,120,7,Éxito Envigado Centro,1
41,29/4/2019,Corn Flakes (sin Gluten),50,8,Éxito Gran Vía,9
53,6/6/2019,Barritas Fitness Choc,66,9,Éxito Indiana Mall,9
55,12/6/2019,Café,11,9,Éxito Indiana Mall,1
35,22/4/2019,Estrellita Maria,72,7,Éxito Envigado Centro,9
106,9/11/2019,Sahne Nuss,205,10,Éxito La Ceja,12
23,11/2/2019,Papillas Nestlé Yogur,160,13,Éxito Junin,4
109,22/5/2019,Baby ruth,240,13,Éxito Junin,2
43,29/5/2019,Milo,244,14,Éxito La 33,16
6,8/6/2019,La lechera,68,14,Éxito La 33,3
16,2/6/2019,Svelty,179,10,Éxito La Ceja,8
8,17/3/2019,"Sativa 2,3",22,10,Éxito La Ceja,3
1,10/7/2019,Leche,62,14,Éxito La 33,6
10,27/10/2019,Nan H.a.,149,13,Éxito Junin,4
109,7/7/2019,Baby ruth,240,10,Éxito La Ceja,8
102,8/6/2019,Triángulo,11,1,Éxito Aranjuez,7
6,15/8/2019,La lechera,68,11,Éxito La Central,6
45,15/5/2019,Nestum,10,13,Éxito Junin,6
21,8/8/2019,Papillas Nestlé 8 cereales,68,5,Éxito Del Este,4
96,16/1/2019,Nestlé Caja Roja,102,13,Éxito Junin,10
13,20/3/2019,Desayuno Inteligente,36,7,Éxito Envigado Centro,16
2,10/2/2019,Nido,177,5,Éxito Del Este,4
38,16/6/2019,Gold Flakes,34,3,Éxito Belén,2
6,21/5/2019,La lechera,68,13,Éxito Junin,6
24,25/5/2019,Cereales,213,8,Éxito Gran Vía,10
93,15/2/2019,After Eight,148,12,Éxito Itagüí,11
18,21/8/2019,Leche Sur,58,1,Éxito Aranjuez,10
47,25/7/2019,Cookie Crisp,213,14,Éxito La 33,13
117,14/8/2019,Proplan,171,2,Éxito Aventura,1
78,23/5/2019,Savory - Chile,120,1,Éxito Aranjuez,2
73,10/4/2019,Aquarel,144,8,Éxito Gran Vía,6
79,1/10/2019,Häagen-Dazs,246,11,Éxito La Central,10
46,19/3/2019,Zucosos (Chile),174,8,Éxito Gran Vía,2
22,22/7/2019,Papillas Nestlé bífidus,85,2,Éxito Aventura,2
64,8/12/2019,El Chana,248,8,Éxito Gran Vía,6
81,4/4/2019,Frigor — Argentina.,117,9,Éxito Indiana Mall,2
113,14/12/2019,Triángulo,108,7,Éxito Envigado Centro,1
15,17/9/2019,Mi Vaca (descremada),48,13,Éxito Junin,10
113,21/5/2019,Triángulo,108,5,Éxito Del Este,4
62,12/2/2019,Brasilia,37,12,Éxito Itagüí,2
25,28/12/2019,Fitness,158,9,Éxito Indiana Mall,3
25,5/12/2019,Fitness,158,12,Éxito Itagüí,10
82,7/4/2019,Nestlé Gold,220,10,Éxito La Ceja,3
100,1/8/2019,Kit Kat,146,14,Éxito La 33,6
54,11/2/2019,Barritas Fitness White,127,13,Éxito Junin,10
54,21/6/2019,Barritas Fitness White,127,8,Éxito Gran Vía,1
8,16/9/2019,"Sativa 2,3",22,12,Éxito Itagüí,2
62,3/3/2019,Brasilia,37,4,Éxito Colombia,3
110,27/7/2019,Trencito,242,3,Éxito Belén,3
107,28/6/2019,Butterfinger,227,4,Éxito Colombia,7
92,20/7/2019,Chocolates,35,13,Éxito Junin,9
7,17/6/2019,Canprolac,36,12,Éxito Itagüí,4
8,22/12/2019,"Sativa 2,3",22,14,Éxito La 33,2
32,9/8/2019,Chocapic Avellana,130,12,Éxito Itagüí,10
70,28/9/2019,Milo,226,9,Éxito Indiana Mall,2
75,5/7/2019,Viladrau,213,12,Éxito Itagüí,5
107,9/11/2019,Butterfinger,227,13,Éxito Junin,10
67,17/6/2019,Otras bebidas,228,1,Éxito Aranjuez,1
35,7/8/2019,Estrellita Maria,72,6,Éxito Envigado,5
51,6/11/2019,Barritas Nesquik,237,14,Éxito La 33,8
99,26/7/2019,Nesquik,196,1,Éxito Aranjuez,3
32,20/6/2019,Chocapic Avellana,130,12,Éxito Itagüí,8
41,15/3/2019,Corn Flakes (sin Gluten),50,12,Éxito Itagüí,8
79,24/2/2019,Häagen-Dazs,246,14,Éxito La 33,10
23,26/9/2019,Papillas Nestlé Yogur,160,14,Éxito La 33,6
35,29/3/2019,Estrellita Maria,72,12,Éxito Itagüí,8
111,28/2/2019,Princesa,238,8,Éxito Gran Vía,3
12,26/4/2019,Ideal,243,5,Éxito Del Este,7
108,18/10/2019,Galak,127,3,Éxito Belén,2
39,23/7/2019,Nesquik,196,4,Éxito Colombia,9
55,20/10/2019,Café,11,7,Éxito Envigado Centro,5
107,22/2/2019,Butterfinger,227,12,Éxito Itagüí,9
13,31/1/2019,Desayuno Inteligente,36,6,Éxito Envigado,8
101,17/11/2019,Garoto (empresa),68,1,Éxito Aranjuez,4
100,29/4/2019,Kit Kat,146,13,Éxito Junin,2
24,7/12/2019,Cereales,213,1,Éxito Aranjuez,4
53,26/3/2019,Barritas Fitness Choc,66,6,Éxito Envigado,5
64,8/5/2019,El Chana,248,10,Éxito La Ceja,9
65,6/8/2019,Bracafé,134,5,Éxito Del Este,10
102,5/4/2019,Triángulo,11,9,Éxito Indiana Mall,9
45,3/2/2019,Nestum,10,14,Éxito La 33,7
95,14/10/2019,Nestlé Postres,216,8,Éxito Gran Vía,6
19,13/1/2019,Papillas,149,9,Éxito Indiana Mall,8
101,30/12/2019,Garoto (empresa),68,3,Éxito Belén,5
27,29/12/2019,Fitness Dark Choc,70,8,Éxito Gran Vía,10
98,14/6/2019,Milkybar,25,1,Éxito Aranjuez,8
53,4/4/2019,Barritas Fitness Choc,66,13,Éxito Junin,8
32,22/12/2019,Chocapic Avellana,130,13,Éxito Junin,8
45,31/8/2019,Nestum,10,3,Éxito Belén,12
91,3/12/2019,Litoral,216,3,Éxito Belén,3
88,7/5/2019,Maggi,162,6,Éxito Envigado,5
18,26/12/2019,Leche Sur,58,9,Éxito Indiana Mall,1
100,16/4/2019,Kit Kat,146,14,Éxito La 33,11
32,29/8/2019,Chocapic Avellana,130,5,Éxito Del Este,4
4,3/11/2019,Nan Pro,156,3,Éxito Belén,7
42,17/6/2019,Nesquik Sin Gluten,181,12,Éxito Itagüí,4
101,10/5/2019,Garoto (empresa),68,12,Éxito Itagüí,1
60,21/6/2019,Bonka,63,4,Éxito Colombia,9
116,27/3/2019,Cat Chow,218,12,Éxito Itagüí,9
74,11/9/2019,Yogur Mi Vaca (descremado),61,1,Éxito Aranjuez,7
27,28/8/2019,Fitness Dark Choc,70,13,Éxito Junin,13
80,20/4/2019,Helados Nestlé — España.,180,10,Éxito La Ceja,4
98,1/5/2019,Milkybar,25,11,Éxito La Central,1
67,29/10/2019,Otras bebidas,228,12,Éxito Itagüí,8
69,20/4/2019,Nestea,49,13,Éxito Junin,9
88,29/10/2019,Maggi,162,14,Éxito La 33,8
17,22/8/2019,Carnation,26,9,Éxito Indiana Mall,3
113,24/6/2019,Triángulo,108,1,Éxito Aranjuez,2
1,14/9/2019,Leche,62,13,Éxito Junin,1
112,2/3/2019,Super 8,68,3,Éxito Belén,6
93,1/9/2019,After Eight,148,2,Éxito Aventura,7
46,18/8/2019,Zucosos (Chile),174,12,Éxito Itagüí,2
84,25/7/2019,Pela-Pop,98,13,Éxito Junin,1
74,8/8/2019,Yogur Mi Vaca (descremado),61,8,Éxito Gran Vía,7
71,27/4/2019,Yogures Nestlé,230,14,Éxito La 33,1
55,7/3/2019,Café,11,13,Éxito Junin,5
39,1/3/2019,Nesquik,196,5,Éxito Del Este,9
63,19/8/2019,Águila,15,3,Éxito Belén,4
88,26/2/2019,Maggi,162,12,Éxito Itagüí,4
46,21/3/2019,Zucosos (Chile),174,6,Éxito Envigado,7
83,26/1/2019,D'Onofrio — Perú.54​,70,7,Éxito Envigado Centro,10
30,21/8/2019,Lion,161,9,Éxito Indiana Mall,8
92,21/9/2019,Chocolates,35,10,Éxito La Ceja,9
59,6/4/2019,Nespresso,78,6,Éxito Envigado,4
45,20/2/2019,Nestum,10,7,Éxito Envigado Centro,16
95,14/4/2019,Nestlé Postres,216,4,Éxito Colombia,3
86,20/12/2019,Dreyer,156,11,Éxito La Central,4
27,5/3/2019,Fitness Dark Choc,70,11,Éxito La Central,6
12,5/11/2019,Ideal,243,3,Éxito Belén,4
93,30/12/2019,After Eight,148,13,Éxito Junin,7
37,11/1/2019,Cerelac,250,14,Éxito La 33,8
91,10/10/2019,Litoral,216,7,Éxito Envigado Centro,8
64,5/12/2019,El Chana,248,1,Éxito Aranjuez,8
20,4/10/2019,Nestum,242,14,Éxito La 33,3
31,7/2/2019,Chocapic,231,9,Éxito Indiana Mall,4
54,10/6/2019,Barritas Fitness White,127,14,Éxito La 33,1
56,9/5/2019,Nescafé,172,6,Éxito Envigado,4
88,29/12/2019,Maggi,162,3,Éxito Belén,8
35,10/12/2019,Estrellita Maria,72,11,Éxito La Central,7
25,2/11/2019,Fitness,158,11,Éxito La Central,9
109,13/9/2019,Baby ruth,240,6,Éxito Envigado,1
119,16/11/2019,Cat brow,206,14,Éxito La 33,16
30,10/3/2019,Lion,161,14,Éxito La 33,3
53,19/7/2019,Barritas Fitness Choc,66,14,Éxito La 33,1
117,15/4/2019,Proplan,171,1,Éxito Aranjuez,6
87,16/9/2019,Culinarios,229,6,Éxito Envigado,6
72,19/11/2019,Nestlé Pure Life (Agua Mineral),87,6,Éxito Envigado,8
10,24/4/2019,Nan H.a.,149,13,Éxito Junin,8
10,5/11/2019,Nan H.a.,149,1,Éxito Aranjuez,7
15,17/3/2019,Mi Vaca (descremada),48,12,Éxito Itagüí,7
32,1/7/2019,Chocapic Avellana,130,8,Éxito Gran Vía,10
40,6/2/2019,Frosted Flakes,230,13,Éxito Junin,4
43,18/10/2019,Milo,244,5,Éxito Del Este,9
95,16/5/2019,Nestlé Postres,216,1,Éxito Aranjuez,8
85,5/4/2019,Pirulo Jungly,224,13,Éxito Junin,3
96,6/5/2019,Nestlé Caja Roja,102,3,Éxito Belén,5
68,3/5/2019,Nesquik,134,13,Éxito Junin,6
46,21/7/2019,Zucosos (Chile),174,14,Éxito La 33,10
44,23/7/2019,Trix,130,7,Éxito Envigado Centro,2
36,7/1/2019,Golden Grahams,113,13,Éxito Junin,10
112,16/9/2019,Super 8,68,11,Éxito La Central,4
63,30/4/2019,Águila,15,6,Éxito Envigado,10
55,16/5/2019,Café,11,6,Éxito Envigado,7
80,16/2/2019,Helados Nestlé — España.,180,6,Éxito Envigado,9
114,6/10/2019,Comidas para animales,15,14,Éxito La 33,6
68,12/9/2019,Nesquik,134,14,Éxito La 33,1
11,6/7/2019,"Nan 2,3,4",159,6,Éxito Envigado,6
28,3/10/2019,Fitness Choc White,176,7,Éxito Envigado Centro,4
51,3/10/2019,Barritas Nesquik,237,8,Éxito Gran Vía,10
7,12/4/2019,Canprolac,36,12,Éxito Itagüí,4
100,3/10/2019,Kit Kat,146,13,Éxito Junin,7
107,1/1/2019,Butterfinger,227,13,Éxito Junin,9
48,26/10/2019,Lucky Charms,116,8,Éxito Gran Vía,1
22,22/1/2019,Papillas Nestlé bífidus,85,8,Éxito Gran Vía,8
60,22/12/2019,Bonka,63,9,Éxito Indiana Mall,2
12,28/3/2019,Ideal,243,12,Éxito Itagüí,9
92,7/6/2019,Chocolates,35,7,Éxito Envigado Centro,9
53,17/4/2019,Barritas Fitness Choc,66,12,Éxito Itagüí,9
27,30/1/2019,Fitness Dark Choc,70,14,Éxito La 33,7
68,3/1/2019,Nesquik,134,6,Éxito Envigado,10
99,18/12/2019,Nesquik,196,1,Éxito Aranjuez,2
67,13/2/2019,Otras bebidas,228,12,Éxito Itagüí,9
117,21/4/2019,Proplan,171,11,Éxito La Central,10
66,17/4/2019,Presto,164,7,Éxito Envigado Centro,4
9,7/2/2019,Nidina,247,14,Éxito La 33,2
77,3/2/2019,Helados,188,10,Éxito La Ceja,12
19,28/2/2019,Papillas,149,5,Éxito Del Este,3
112,25/2/2019,Super 8,68,13,Éxito Junin,6
118,3/1/2019,Friskies,112,5,Éxito Del Este,6
78,28/7/2019,Savory - Chile,120,10,Éxito La Ceja,9
5,2/9/2019,Nestogeno,134,5,Éxito Del Este,6
65,6/8/2019,Bracafé,134,4,Éxito Colombia,4
113,20/6/2019,Triángulo,108,9,Éxito Indiana Mall,3
29,11/12/2019,Fitness Choc Avellana,51,9,Éxito Indiana Mall,1
31,4/10/2019,Chocapic,231,1,Éxito Aranjuez,5
4,8/10/2019,Nan Pro,156,3,Éxito Belén,2
66,9/7/2019,Presto,164,4,Éxito Colombia,4
103,13/5/2019,Sublime,243,14,Éxito La 33,10
24,11/4/2019,Cereales,213,1,Éxito Aranjuez,5
15,9/11/2019,Mi Vaca (descremada),48,10,Éxito La Ceja,6
61,7/7/2019,Eco (En Chile),241,5,Éxito Del Este,6
78,16/10/2019,Savory - Chile,120,10,Éxito La Ceja,7
23,6/8/2019,Papillas Nestlé Yogur,160,10,Éxito La Ceja,6
50,1/1/2019,Barritas Golden Grahams,130,13,Éxito Junin,7
93,9/2/2019,After Eight,148,1,Éxito Aranjuez,4
45,12/1/2019,Nestum,10,3,Éxito Belén,2
44,7/9/2019,Trix,130,9,Éxito Indiana Mall,8
43,24/8/2019,Milo,244,13,Éxito Junin,8
10,26/9/2019,Nan H.a.,149,13,Éxito Junin,5
51,1/2/2019,Barritas Nesquik,237,2,Éxito Aventura,10
58,16/4/2019,Kirma (en Perú),118,8,Éxito Gran Vía,7
11,14/2/2019,"Nan 2,3,4",159,12,Éxito Itagüí,8
88,1/1/2019,Maggi,162,3,Éxito Belén,1
41,15/1/2019,Corn Flakes (sin Gluten),50,3,Éxito Belén,1
25,23/6/2019,Fitness,158,4,Éxito Colombia,5
39,17/4/2019,Nesquik,196,12,Éxito Itagüí,10
46,17/11/2019,Zucosos (Chile),174,10,Éxito La Ceja,3
97,5/1/2019,Nestlé Gold,181,7,Éxito Envigado Centro,2
99,8/9/2019,Nesquik,196,7,Éxito Envigado Centro,10
103,18/4/2019,Sublime,243,4,Éxito Colombia,6
64,21/3/2019,El Chana,248,9,Éxito Indiana Mall,4
41,12/11/2019,Corn Flakes (sin Gluten),50,1,Éxito Aranjuez,5
42,19/3/2019,Nesquik Sin Gluten,181,7,Éxito Envigado Centro,7
81,17/2/2019,Frigor — Argentina.,117,13,Éxito Junin,4
21,23/6/2019,Papillas Nestlé 8 cereales,68,1,Éxito Aranjuez,5
47,19/4/2019,Cookie Crisp,213,6,Éxito Envigado,2
114,6/9/2019,Comidas para animales,15,2,Éxito Aventura,3
103,6/4/2019,Sublime,243,7,Éxito Envigado Centro,8
48,18/11/2019,Lucky Charms,116,9,Éxito Indiana Mall,9
118,1/12/2019,Friskies,112,13,Éxito Junin,6
103,24/12/2019,Sublime,243,9,Éxito Indiana Mall,4
44,6/5/2019,Trix,130,7,Éxito Envigado Centro,2
61,10/7/2019,Eco (En Chile),241,5,Éxito Del Este,10
73,27/7/2019,Aquarel,144,14,Éxito La 33,2
99,16/3/2019,Nesquik,196,3,Éxito Belén,15
18,14/3/2019,Leche Sur,58,8,Éxito Gran Vía,8
45,17/4/2019,Nestum,10,13,Éxito Junin,10
118,3/3/2019,Friskies,112,8,Éxito Gran Vía,7
15,19/2/2019,Mi Vaca (descremada),48,7,Éxito Envigado Centro,3
85,27/5/2019,Pirulo Jungly,224,10,Éxito La Ceja,9
39,7/1/2019,Nesquik,196,11,Éxito La Central,10
12,6/10/2019,Ideal,243,7,Éxito Envigado Centro,10
15,17/11/2019,Mi Vaca (descremada),48,5,Éxito Del Este,7
91,31/10/2019,Litoral,216,3,Éxito Belén,2
5,21/10/2019,Nestogeno,134,8,Éxito Gran Vía,7
50,21/11/2019,Barritas Golden Grahams,130,7,Éxito Envigado Centro,2
62,11/11/2019,Brasilia,37,10,Éxito La Ceja,6
91,5/1/2019,Litoral,216,14,Éxito La 33,6
72,7/6/2019,Nestlé Pure Life (Agua Mineral),87,5,Éxito Del Este,2
117,19/10/2019,Proplan,171,12,Éxito Itagüí,5
77,12/8/2019,Helados,188,12,Éxito Itagüí,4
102,13/8/2019,Triángulo,11,14,Éxito La 33,4
58,27/8/2019,Kirma (en Perú),118,6,Éxito Envigado,3
95,29/11/2019,Nestlé Postres,216,14,Éxito La 33,2
27,11/3/2019,Fitness Dark Choc,70,1,Éxito Aranjuez,1
20,28/12/2019,Nestum,242,14,Éxito La 33,5
22,16/12/2019,Papillas Nestlé bífidus,85,4,Éxito Colombia,1
99,8/10/2019,Nesquik,196,1,Éxito Aranjuez,10
71,26/6/2019,Yogures Nestlé,230,5,Éxito Del Este,1
6,26/8/2019,La lechera,68,9,Éxito Indiana Mall,2
51,16/5/2019,Barritas Nesquik,237,14,Éxito La 33,4
108,2/3/2019,Galak,127,7,Éxito Envigado Centro,4
67,15/6/2019,Otras bebidas,228,13,Éxito Junin,3
28,14/7/2019,Fitness Choc White,176,1,Éxito Aranjuez,12
91,12/6/2019,Litoral,216,9,Éxito Indiana Mall,2
47,16/1/2019,Cookie Crisp,213,14,Éxito La 33,1
74,3/8/2019,Yogur Mi Vaca (descremado),61,8,Éxito Gran Vía,6
18,10/5/2019,Leche Sur,58,4,Éxito Colombia,5
55,15/1/2019,Café,11,4,Éxito Colombia,3
39,29/7/2019,Nesquik,196,8,Éxito Gran Vía,9
92,21/9/2019,Chocolates,35,12,Éxito Itagüí,3
102,11/12/2019,Triángulo,11,14,Éxito La 33,2
38,24/6/2019,Gold Flakes,34,1,Éxito Aranjuez,6
25,15/1/2019,Fitness,158,11,Éxito La Central,3
115,15/10/2019,Purina Dog Chow,226,14,Éxito La 33,1
55,24/10/2019,Café,11,13,Éxito Junin,2
50,19/10/2019,Barritas Golden Grahams,130,12,Éxito Itagüí,1
48,29/8/2019,Lucky Charms,116,14,Éxito La 33,5
59,14/4/2019,Nespresso,78,12,Éxito Itagüí,7
26,9/10/2019,Fitness Choc,243,2,Éxito Aventura,4
98,8/8/2019,Milkybar,25,6,Éxito Envigado,2
33,5/8/2019,Cheerios,78,14,Éxito La 33,1
16,29/6/2019,Svelty,179,10,Éxito La Ceja,3
29,7/4/2019,Fitness Choc Avellana,51,5,Éxito Del Este,8
81,9/11/2019,Frigor — Argentina.,117,12,Éxito Itagüí,5
104,31/5/2019,Savoy,159,9,Éxito Indiana Mall,9
10,27/9/2019,Nan H.a.,149,2,Éxito Aventura,1
79,4/2/2019,Häagen-Dazs,246,11,Éxito La Central,9
87,7/2/2019,Culinarios,229,14,Éxito La 33,6
67,22/8/2019,Otras bebidas,228,3,Éxito Belén,6
22,10/4/2019,Papillas Nestlé bífidus,85,1,Éxito Aranjuez,5
23,5/2/2019,Papillas Nestlé Yogur,160,9,Éxito Indiana Mall,8
82,4/10/2019,Nestlé Gold,220,1,Éxito Aranjuez,2
110,5/6/2019,Trencito,242,6,Éxito Envigado,6
98,29/12/2019,Milkybar,25,8,Éxito Gran Vía,10
36,7/4/2019,Golden Grahams,113,3,Éxito Belén,3
44,11/11/2019,Trix,130,2,Éxito Aventura,4
55,18/12/2019,Café,11,13,Éxito Junin,5
34,11/12/2019,Estrellitas,168,4,Éxito Colombia,4
4,3/1/2019,Nan Pro,156,14,Éxito La 33,8
64,19/11/2019,El Chana,248,12,Éxito Itagüí,7
26,2/9/2019,Fitness Choc,243,5,Éxito Del Este,9
7,6/7/2019,Canprolac,36,13,Éxito Junin,6
25,2/7/2019,Fitness,158,10,Éxito La Ceja,6
11,16/6/2019,"Nan 2,3,4",159,12,Éxito Itagüí,5
49,20/6/2019,Barritas de Cereales,192,7,Éxito Envigado Centro,10
56,3/1/2019,Nescafé,172,5,Éxito Del Este,3
31,14/8/2019,Chocapic,231,9,Éxito Indiana Mall,7
11,14/6/2019,"Nan 2,3,4",159,12,Éxito Itagüí,8
61,27/2/2019,Eco (En Chile),241,3,Éxito Belén,2
22,19/4/2019,Papillas Nestlé bífidus,85,1,Éxito Aranjuez,9
42,16/10/2019,Nesquik Sin Gluten,181,13,Éxito Junin,7
79,16/10/2019,Häagen-Dazs,246,8,Éxito Gran Vía,3
90,19/10/2019,Solís,102,14,Éxito La 33,8
115,2/5/2019,Purina Dog Chow,226,4,Éxito Colombia,10
39,12/12/2019,Nesquik,196,14,Éxito La 33,9
85,14/5/2019,Pirulo Jungly,224,2,Éxito Aventura,9
51,15/12/2019,Barritas Nesquik,237,8,Éxito Gran Vía,1
30,5/12/2019,Lion,161,4,Éxito Colombia,9
26,4/9/2019,Fitness Choc,243,13,Éxito Junin,9
116,14/10/2019,Cat Chow,218,4,Éxito Colombia,10
87,7/5/2019,Culinarios,229,8,Éxito Gran Vía,13
108,31/12/2019,Galak,127,4,Éxito Colombia,7
71,17/7/2019,Yogures Nestlé,230,2,Éxito Aventura,13
4,18/9/2019,Nan Pro,156,13,Éxito Junin,12
86,11/1/2019,Dreyer,156,8,Éxito Gran Vía,4
17,20/2/2019,Carnation,26,6,Éxito Envigado,5
7,15/8/2019,Canprolac,36,12,Éxito Itagüí,9
114,24/4/2019,Comidas para animales,15,12,Éxito Itagüí,5
22,2/10/2019,Papillas Nestlé bífidus,85,6,Éxito Envigado,4
24,20/11/2019,Cereales,213,12,Éxito Itagüí,17
112,22/1/2019,Super 8,68,1,Éxito Aranjuez,8
53,19/4/2019,Barritas Fitness Choc,66,10,Éxito La Ceja,13
55,13/11/2019,Café,11,1,Éxito Aranjuez,1
25,9/1/2019,Fitness,158,12,Éxito Itagüí,3
22,29/3/2019,Papillas Nestlé bífidus,85,14,Éxito La 33,14
38,25/11/2019,Gold Flakes,34,14,Éxito La 33,2
80,23/6/2019,Helados Nestlé — España.,180,1,Éxito Aranjuez,6
2,15/3/2019,Nido,177,1,Éxito Aranjuez,11
112,18/3/2019,Super 8,68,5,Éxito Del Este,4
100,13/7/2019,Kit Kat,146,5,Éxito Del Este,4
2,15/11/2019,Nido,177,3,Éxito Belén,1
85,29/4/2019,Pirulo Jungly,224,14,Éxito La 33,6
16,22/1/2019,Svelty,179,2,Éxito Aventura,5
61,7/10/2019,Eco (En Chile),241,7,Éxito Envigado Centro,4
28,7/7/2019,Fitness Choc White,176,13,Éxito Junin,4
30,12/10/2019,Lion,161,13,Éxito Junin,1
47,6/10/2019,Cookie Crisp,213,11,Éxito La Central,3
102,28/7/2019,Triángulo,11,12,Éxito Itagüí,3
100,2/7/2019,Kit Kat,146,5,Éxito Del Este,2
113,26/11/2019,Triángulo,108,13,Éxito Junin,5
27,18/7/2019,Fitness Dark Choc,70,8,Éxito Gran Vía,7
98,17/3/2019,Milkybar,25,13,Éxito Junin,7
59,6/3/2019,Nespresso,78,3,Éxito Belén,5
54,1/2/2019,Barritas Fitness White,127,9,Éxito Indiana Mall,10
82,17/11/2019,Nestlé Gold,220,1,Éxito Aranjuez,6
60,24/7/2019,Bonka,63,7,Éxito Envigado Centro,2
80,28/9/2019,Helados Nestlé — España.,180,1,Éxito Aranjuez,14
105,19/1/2019,Crunch,161,1,Éxito Aranjuez,6
26,2/12/2019,Fitness Choc,243,12,Éxito Itagüí,6
15,29/11/2019,Mi Vaca (descremada),48,8,Éxito Gran Vía,8
5,28/7/2019,Nestogeno,134,2,Éxito Aventura,12
91,12/8/2019,Litoral,216,14,Éxito La 33,8
33,11/12/2019,Cheerios,78,14,Éxito La 33,2
117,27/1/2019,Proplan,171,12,Éxito Itagüí,9
32,5/11/2019,Chocapic Avellana,130,10,Éxito La Ceja,8
77,5/10/2019,Helados,188,3,Éxito Belén,9
109,7/1/2019,Baby ruth,240,1,Éxito Aranjuez,9
115,31/5/2019,Purina Dog Chow,226,14,Éxito La 33,3
6,29/3/2019,La lechera,68,2,Éxito Aventura,10
66,31/12/2019,Presto,164,9,Éxito Indiana Mall,3
8,10/1/2019,"Sativa 2,3",22,8,Éxito Gran Vía,6
82,1/12/2019,Nestlé Gold,220,12,Éxito Itagüí,4
78,1/6/2019,Savory - Chile,120,10,Éxito La Ceja,1
89,27/1/2019,Buitoni,18,11,Éxito La Central,5
92,27/3/2019,Chocolates,35,2,Éxito Aventura,7
97,27/11/2019,Nestlé Gold,181,7,Éxito Envigado Centro,10
75,14/3/2019,Viladrau,213,1,Éxito Aranjuez,5
9,8/8/2019,Nidina,247,12,Éxito Itagüí,11
19,12/2/2019,Papillas,149,6,Éxito Envigado,2
101,15/7/2019,Garoto (empresa),68,3,Éxito Belén,8
112,27/12/2019,Super 8,68,12,Éxito Itagüí,10
118,6/2/2019,Friskies,112,4,Éxito Colombia,6
109,4/8/2019,Baby ruth,240,10,Éxito La Ceja,7
76,11/4/2019,Vascolet,153,6,Éxito Envigado,1
105,29/12/2019,Crunch,161,14,Éxito La 33,3
21,2/10/2019,Papillas Nestlé 8 cereales,68,6,Éxito Envigado,1
104,8/2/2019,Savoy,159,14,Éxito La 33,3
26,10/8/2019,Fitness Choc,243,1,Éxito Aranjuez,6
12,18/4/2019,Ideal,243,3,Éxito Belén,7
39,18/4/2019,Nesquik,196,14,Éxito La 33,13
101,27/10/2019,Garoto (empresa),68,12,Éxito Itagüí,4
21,12/1/2019,Papillas Nestlé 8 cereales,68,6,Éxito Envigado,4
54,24/2/2019,Barritas Fitness White,127,6,Éxito Envigado,3
95,20/6/2019,Nestlé Postres,216,9,Éxito Indiana Mall,5
32,20/12/2019,Chocapic Avellana,130,13,Éxito Junin,4
101,4/3/2019,Garoto (empresa),68,1,Éxito Aranjuez,4
118,30/7/2019,Friskies,112,1,Éxito Aranjuez,7
98,15/7/2019,Milkybar,25,14,Éxito La 33,9
64,28/1/2019,El Chana,248,9,Éxito Indiana Mall,10
74,30/8/2019,Yogur Mi Vaca (descremado),61,14,Éxito La 33,8
13,4/1/2019,Desayuno Inteligente,36,9,Éxito Indiana Mall,9
103,7/5/2019,Sublime,243,3,Éxito Belén,4
9,20/10/2019,Nidina,247,5,Éxito Del Este,2
61,19/7/2019,Eco (En Chile),241,7,Éxito Envigado Centro,8
109,15/5/2019,Baby ruth,240,1,Éxito Aranjuez,4
32,19/5/2019,Chocapic Avellana,130,2,Éxito Aventura,3
62,12/11/2019,Brasilia,37,8,Éxito Gran Vía,12
63,14/9/2019,Águila,15,12,Éxito Itagüí,6
90,15/12/2019,Solís,102,12,Éxito Itagüí,9
65,19/8/2019,Bracafé,134,12,Éxito Itagüí,4
99,9/6/2019,Nesquik,196,8,Éxito Gran Vía,3
103,1/7/2019,Sublime,243,14,Éxito La 33,9
35,16/8/2019,Estrellita Maria,72,1,Éxito Aranjuez,1
22,16/9/2019,Papillas Nestlé bífidus,85,12,Éxito Itagüí,10
10,15/11/2019,Nan H.a.,149,8,Éxito Gran Vía,8
56,27/1/2019,Nescafé,172,14,Éxito La 33,7
77,4/9/2019,Helados,188,14,Éxito La 33,1
98,15/8/2019,Milkybar,25,14,Éxito La 33,5
44,26/11/2019,Trix,130,2,Éxito Aventura,9
118,22/9/2019,Friskies,112,10,Éxito La Ceja,6
74,17/7/2019,Yogur Mi Vaca (descremado),61,14,Éxito La 33,1
98,27/3/2019,Milkybar,25,12,Éxito Itagüí,4
102,6/4/2019,Triángulo,11,6,Éxito Envigado,7
96,17/5/2019,Nestlé Caja Roja,102,11,Éxito La Central,1
78,26/9/2019,Savory - Chile,120,11,Éxito La Central,3
49,15/1/2019,Barritas de Cereales,192,13,Éxito Junin,4
30,26/1/2019,Lion,161,13,Éxito Junin,10
39,3/1/2019,Nesquik,196,9,Éxito Indiana Mall,9
49,20/3/2019,Barritas de Cereales,192,4,Éxito Colombia,7
22,5/5/2019,Papillas Nestlé bífidus,85,14,Éxito La 33,4
58,12/2/2019,Kirma (en Perú),118,8,Éxito Gran Vía,6
55,9/8/2019,Café,11,5,Éxito Del Este,10
74,19/2/2019,Yogur Mi Vaca (descremado),61,12,Éxito Itagüí,10
87,21/3/2019,Culinarios,229,1,Éxito Aranjuez,4
114,10/4/2019,Comidas para animales,15,4,Éxito Colombia,4
115,9/8/2019,Purina Dog Chow,226,5,Éxito Del Este,13
117,7/4/2019,Proplan,171,6,Éxito Envigado,1
28,6/6/2019,Fitness Choc White,176,12,Éxito Itagüí,9
78,20/10/2019,Savory - Chile,120,1,Éxito Aranjuez,19
117,18/2/2019,Proplan,171,11,Éxito La Central,7
58,12/5/2019,Kirma (en Perú),118,13,Éxito Junin,8
39,7/6/2019,Nesquik,196,14,Éxito La 33,13
71,22/12/2019,Yogures Nestlé,230,13,Éxito Junin,1
62,29/10/2019,Brasilia,37,3,Éxito Belén,1
46,17/5/2019,Zucosos (Chile),174,4,Éxito Colombia,1
107,2/6/2019,Butterfinger,227,13,Éxito Junin,6
71,4/3/2019,Yogures Nestlé,230,14,Éxito La 33,9
84,10/1/2019,Pela-Pop,98,13,Éxito Junin,11
98,18/9/2019,Milkybar,25,10,Éxito La Ceja,15
101,28/11/2019,Garoto (empresa),68,10,Éxito La Ceja,14
84,17/8/2019,Pela-Pop,98,12,Éxito Itagüí,3
59,9/8/2019,Nespresso,78,14,Éxito La 33,8
28,23/2/2019,Fitness Choc White,176,12,Éxito Itagüí,10
100,26/1/2019,Kit Kat,146,13,Éxito Junin,8
102,5/6/2019,Triángulo,11,9,Éxito Indiana Mall,2
81,30/1/2019,Frigor — Argentina.,117,1,Éxito Aranjuez,1
103,19/12/2019,Sublime,243,14,Éxito La 33,1
10,9/9/2019,Nan H.a.,149,2,Éxito Aventura,2
108,3/7/2019,Galak,127,11,Éxito La Central,9
17,10/4/2019,Carnation,26,14,Éxito La 33,17
71,15/7/2019,Yogures Nestlé,230,3,Éxito Belén,10
3,7/5/2019,Klim,36,12,Éxito Itagüí,5
75,22/3/2019,Viladrau,213,13,Éxito Junin,6
107,4/11/2019,Butterfinger,227,11,Éxito La Central,8
62,30/8/2019,Brasilia,37,13,Éxito Junin,9
107,22/7/2019,Butterfinger,227,11,Éxito La Central,3
70,11/7/2019,Milo,226,9,Éxito Indiana Mall,2
74,17/11/2019,Yogur Mi Vaca (descremado),61,4,Éxito Colombia,6
29,21/6/2019,Fitness Choc Avellana,51,4,Éxito Colombia,1
118,14/5/2019,Friskies,112,10,Éxito La Ceja,3
37,5/11/2019,Cerelac,250,4,Éxito Colombia,3
107,28/3/2019,Butterfinger,227,14,Éxito La 33,9
49,13/7/2019,Barritas de Cereales,192,14,Éxito La 33,17
92,23/11/2019,Chocolates,35,12,Éxito Itagüí,10
66,2/1/2019,Presto,164,5,Éxito Del Este,5
39,20/12/2019,Nesquik,196,12,Éxito Itagüí,4
102,17/6/2019,Triángulo,11,1,Éxito Aranjuez,2
90,26/5/2019,Solís,102,14,Éxito La 33,12
21,22/1/2019,Papillas Nestlé 8 cereales,68,1,Éxito Aranjuez,8
63,12/1/2019,Águila,15,10,Éxito La Ceja,3
84,16/6/2019,Pela-Pop,98,9,Éxito Indiana Mall,7
36,1/2/2019,Golden Grahams,113,12,Éxito Itagüí,5
15,7/1/2019,Mi Vaca (descremada),48,12,Éxito Itagüí,1
69,15/9/2019,Nestea,49,14,Éxito La 33,5
10,6/7/2019,Nan H.a.,149,10,Éxito La Ceja,4
70,25/6/2019,Milo,226,14,Éxito La 33,4
99,20/8/2019,Nesquik,196,14,Éxito La 33,3
65,22/11/2019,Bracafé,134,6,Éxito Envigado,5
97,4/3/2019,Nestlé Gold,181,6,Éxito Envigado,10
81,2/8/2019,Frigor — Argentina.,117,9,Éxito Indiana Mall,9
37,2/9/2019,Cerelac,250,10,Éxito La Ceja,10
27,13/8/2019,Fitness Dark Choc,70,9,Éxito Indiana Mall,1
53,30/9/2019,Barritas Fitness Choc,66,1,Éxito Aranjuez,5
80,15/5/2019,Helados Nestlé — España.,180,6,Éxito Envigado,3
81,22/3/2019,Frigor — Argentina.,117,14,Éxito La 33,1
21,20/12/2019,Papillas Nestlé 8 cereales,68,3,Éxito Belén,7
92,24/7/2019,Chocolates,35,12,Éxito Itagüí,9
37,29/3/2019,Cerelac,250,5,Éxito Del Este,3